"HazelcastManifestTransformer","processResource","getMainAttributes(...)","attributes","{ ... }","Attributes","Attributes"
"HazelcastManifestTransformer","processResource","new Manifest(...)","shadedManifest","{ ... }","Manifest","Manifest"
"HazelcastManifestTransformer","modifyOutputStream","new Manifest(...)","shadedManifest","if (...)","Manifest","Manifest"
"HazelcastManifestTransformer","setOverrideInstructions","overrideInstructions","this.overrideInstructions","setOverrideInstructions","Map<String,String>","Map<String,String>"
"HazelcastManifestTransformer","setManifestEntries","manifestEntries","this.manifestEntries","setManifestEntries","Map<String,Object>","Map<String,Object>"
"HazelcastManifestTransformer","setMainClass","mainClass","this.mainClass","setMainClass","String","String"
"CdcSourceP","init","logger(...)","this.logger","init","ILogger","ILogger"
"CdcSourceP","init","nanoTime(...)","lastCommitTime","if (...)","long","long"
"CdcSourceP","init","getClearStateOnReconnect(...)","this.clearStateOnReconnect","{ ... }","boolean","boolean"
"CdcSourceP","init","getCommitPeriod(...)","this.commitPeriod","if (...)","long","long"
"CdcSourceP","init","!...","snapshotting","init","boolean","boolean"
"CdcSourceP","init","new RetryTracker(...)","this.reconnectTracker","init","RetryTracker","RetryTracker"
"CdcSourceP","complete","currentTime","lastCommitTime","{ ... }","long","long"
"CdcSourceP","complete","flatMapIdle(...)","traverser","{ ... }","Traverser<Object>","Traverser<Object>"
"CdcSourceP","complete","flatMap(...)","traverser","{ ... }","Traverser<Object>","Traverser<Object>"
"CdcSourceP","run","null","snapshotTraverser","run","<nulltype>","Traverser<Entry<BroadcastKey<String>,State>>"
"CdcSourceP","saveToSnapshot","true","snapshotInProgress","{ ... }","boolean","boolean"
"CdcSourceP","saveToSnapshot","onFirstNull(...)","snapshotTraverser","if (...)","Traverser<Entry<BroadcastKey<String>,State>>","Traverser<Entry<BroadcastKey<String>,State>>"
"CdcSourceP","restoreFromSnapshot","(...)...","state","{ ... }","State","State"
"CdcSourceP","snapshotCommitFinish","false","snapshotInProgress","{ ... }","boolean","boolean"
"CdcSourceP","reconnect","new State(...)","state","if (...)","State","State"
"CdcSourceP","extractTimestamp","getInt64(...)","timestamp","if (...)","Long","Long"
"CdcSourceP","killConnection","null","task","if (...)","<nulltype>","SourceTask"
"CdcSourceP","killConnection","null","connector","if (...)","<nulltype>","SourceConnector"
"CdcSourceP","isConnectionUp","get(...)","taskConfig","{ ... }","Map<String,String>","Map<String,String>"
"CdcSourceP","isConnectionUp","startNewTask(...)","task","{ ... }","SourceTask","SourceTask"
"CdcSourceP","isConnectionUp","startNewConnector(...)","connector","{ ... }","SourceConnector","SourceConnector"
"GenericMapStore","init","mapName","this.mapName","{ ... }","String","String"
"GenericMapStore","init","getLogger(...)","logger","{ ... }","ILogger","ILogger"
"GenericMapStore","init","getMillis(...)","this.initTimeoutMillis","{ ... }","long","long"
"GenericMapStore","init","getSql(...)","sql","{ ... }","SqlService","SqlService"
"GenericMapStore","init","getHazelcastInstanceImpl(...)","this.instance","{ ... }","HazelcastInstanceImpl","HazelcastInstanceImpl"
"GenericMapStore","init","... + ...","this.mapping","{ ... }","String","String"
"GenericMapStore","init","new GenericMapStoreProperties(...)","this.properties","{ ... }","GenericMapStoreProperties","GenericMapStoreProperties"
"GenericMapStore","isIntegrityConstraintViolation","startsWith(...)","result","if (...)","boolean","boolean"
"GenericMapStore","findSQLException","getCause(...)","rootCause","while (...)","Throwable","Throwable"
"GenericMapStore","readExistingMapping","e","initFailure","try ...","Exception","Exception"
"GenericMapStore","readExistingMapping","getColumns(...)","columnMetadataList","{ ... }","List<SqlColumnMetadata>","List<SqlColumnMetadata>"
"GenericMapStore","readExistingMapping","new Queries(...)","queries","{ ... }","Queries","Queries"
"GenericMapStore","resolveMappingColumns","getColumns(...)","columnMetadataList","resolveMappingColumns","List<SqlColumnMetadata>","List<SqlColumnMetadata>"
"GenericMapStore","createMappingForMapStore","e","initFailure","if (...)","Exception","Exception"
"GenericMapStore","createMappingForMapStore","getColumns(...)","columnMetadataList","{ ... }","List<SqlColumnMetadata>","List<SqlColumnMetadata>"
"GenericMapStore","createMappingForMapStore","resolveMappingColumns(...)","mappingColumns","{ ... }","String","String"
"GenericMapStore","createMappingForMapStore","new Queries(...)","queries","{ ... }","Queries","Queries"
