"X:/UIUC/CS 598/ml4se/data/functions/py/29.py:3","X:/UIUC/CS 598/ml4se/data/functions/py/29.py:3","second__o","None",[object Object]
"X:/UIUC/CS 598/ml4se/data/functions/py/29.py:3","X:/UIUC/CS 598/ml4se/data/functions/py/29.py:3","second__o","second__o",[object Object]
"X:/UIUC/CS 598/ml4se/data/functions/py/29.py:3","X:/UIUC/CS 598/ml4se/data/functions/py/29.py:4","second__o","second__o",[object Object]
"X:/UIUC/CS 598/ml4se/data/functions/py/29.py:3","X:/UIUC/CS 598/ml4se/data/functions/py/29.py:4","second__o","Attribute",[object Object]
"X:/UIUC/CS 598/ml4se/data/functions/py/10.py:26","X:/UIUC/CS 598/ml4se/data/functions/py/10.py:27","delay","delay",[object Object]
"X:/UIUC/CS 598/ml4se/data/functions/py/10.py:26","X:/UIUC/CS 598/ml4se/data/functions/py/10.py:27","delay","BinaryExpr",[object Object]
"X:/UIUC/CS 598/ml4se/data/functions/py/10.py:26","X:/UIUC/CS 598/ml4se/data/functions/py/10.py:39","delay","None",[object Object]
"X:/UIUC/CS 598/ml4se/data/functions/py/10.py:26","X:/UIUC/CS 598/ml4se/data/functions/py/10.py:39","delay","delay",[object Object]
"X:/UIUC/CS 598/ml4se/data/functions/py/10.py:34","X:/UIUC/CS 598/ml4se/data/functions/py/10.py:35","Attribute","delay",[object Object]
"X:/UIUC/CS 598/ml4se/data/functions/py/10.py:34","X:/UIUC/CS 598/ml4se/data/functions/py/10.py:35","Attribute","Attribute",[object Object]
"X:/UIUC/CS 598/ml4se/data/functions/py/10.py:36","X:/UIUC/CS 598/ml4se/data/functions/py/10.py:37","Attribute","delay",[object Object]
"X:/UIUC/CS 598/ml4se/data/functions/py/10.py:36","X:/UIUC/CS 598/ml4se/data/functions/py/10.py:37","Attribute","Attribute",[object Object]
"X:/UIUC/CS 598/ml4se/data/functions/py/100.py:113","X:/UIUC/CS 598/ml4se/data/functions/py/100.py:114","Attribute","Attribute",[object Object]
"X:/UIUC/CS 598/ml4se/data/functions/py/100.py:113","X:/UIUC/CS 598/ml4se/data/functions/py/100.py:114","Attribute","int()",[object Object]
"X:/UIUC/CS 598/ml4se/data/functions/py/100.py:113","X:/UIUC/CS 598/ml4se/data/functions/py/100.py:115","result","result",[object Object]
"X:/UIUC/CS 598/ml4se/data/functions/py/100.py:113","X:/UIUC/CS 598/ml4se/data/functions/py/100.py:115","result","Attribute()",[object Object]
"X:/UIUC/CS 598/ml4se/data/functions/py/100.py:116","X:/UIUC/CS 598/ml4se/data/functions/py/100.py:117","Subscript","level",[object Object]
"X:/UIUC/CS 598/ml4se/data/functions/py/100.py:116","X:/UIUC/CS 598/ml4se/data/functions/py/100.py:117","Subscript","Subscript",[object Object]
"X:/UIUC/CS 598/ml4se/data/functions/py/100.py:116","X:/UIUC/CS 598/ml4se/data/functions/py/100.py:119","Subscript","Str",[object Object]
"X:/UIUC/CS 598/ml4se/data/functions/py/100.py:116","X:/UIUC/CS 598/ml4se/data/functions/py/100.py:119","Subscript","Subscript",[object Object]
"X:/UIUC/CS 598/ml4se/data/functions/py/100.py:116","X:/UIUC/CS 598/ml4se/data/functions/py/100.py:120","Subscript","False",[object Object]
"X:/UIUC/CS 598/ml4se/data/functions/py/100.py:116","X:/UIUC/CS 598/ml4se/data/functions/py/100.py:120","Subscript","Subscript",[object Object]
"X:/UIUC/CS 598/ml4se/data/functions/py/100.py:122","X:/UIUC/CS 598/ml4se/data/functions/py/100.py:123","Attribute","recommended",[object Object]
"X:/UIUC/CS 598/ml4se/data/functions/py/100.py:122","X:/UIUC/CS 598/ml4se/data/functions/py/100.py:123","Attribute","Attribute",[object Object]
"X:/UIUC/CS 598/ml4se/data/functions/py/100.py:122","X:/UIUC/CS 598/ml4se/data/functions/py/100.py:124","result","result",[object Object]
"X:/UIUC/CS 598/ml4se/data/functions/py/100.py:122","X:/UIUC/CS 598/ml4se/data/functions/py/100.py:124","result","Attribute()",[object Object]
"X:/UIUC/CS 598/ml4se/data/functions/py/100.py:125","X:/UIUC/CS 598/ml4se/data/functions/py/100.py:126","Subscript","recommended",[object Object]
"X:/UIUC/CS 598/ml4se/data/functions/py/100.py:125","X:/UIUC/CS 598/ml4se/data/functions/py/100.py:126","Subscript","Subscript",[object Object]
"X:/UIUC/CS 598/ml4se/data/functions/py/100.py:125","X:/UIUC/CS 598/ml4se/data/functions/py/100.py:128","Subscript","Str",[object Object]
"X:/UIUC/CS 598/ml4se/data/functions/py/100.py:125","X:/UIUC/CS 598/ml4se/data/functions/py/100.py:128","Subscript","Subscript",[object Object]
"X:/UIUC/CS 598/ml4se/data/functions/py/100.py:125","X:/UIUC/CS 598/ml4se/data/functions/py/100.py:129","Subscript","False",[object Object]
"X:/UIUC/CS 598/ml4se/data/functions/py/100.py:125","X:/UIUC/CS 598/ml4se/data/functions/py/100.py:129","Subscript","Subscript",[object Object]
"X:/UIUC/CS 598/ml4se/data/functions/py/100.py:131","X:/UIUC/CS 598/ml4se/data/functions/py/100.py:132","Attribute","featured",[object Object]
"X:/UIUC/CS 598/ml4se/data/functions/py/100.py:131","X:/UIUC/CS 598/ml4se/data/functions/py/100.py:132","Attribute","Attribute",[object Object]
"X:/UIUC/CS 598/ml4se/data/functions/py/100.py:131","X:/UIUC/CS 598/ml4se/data/functions/py/100.py:133","result","result",[object Object]
"X:/UIUC/CS 598/ml4se/data/functions/py/100.py:131","X:/UIUC/CS 598/ml4se/data/functions/py/100.py:133","result","Attribute()",[object Object]
"X:/UIUC/CS 598/ml4se/data/functions/py/100.py:134","X:/UIUC/CS 598/ml4se/data/functions/py/100.py:135","Subscript","featured",[object Object]
"X:/UIUC/CS 598/ml4se/data/functions/py/100.py:134","X:/UIUC/CS 598/ml4se/data/functions/py/100.py:135","Subscript","Subscript",[object Object]
"X:/UIUC/CS 598/ml4se/data/functions/py/100.py:134","X:/UIUC/CS 598/ml4se/data/functions/py/100.py:137","Subscript","Str",[object Object]
"X:/UIUC/CS 598/ml4se/data/functions/py/100.py:134","X:/UIUC/CS 598/ml4se/data/functions/py/100.py:137","Subscript","Subscript",[object Object]
"X:/UIUC/CS 598/ml4se/data/functions/py/100.py:134","X:/UIUC/CS 598/ml4se/data/functions/py/100.py:138","Subscript","False",[object Object]
"X:/UIUC/CS 598/ml4se/data/functions/py/100.py:134","X:/UIUC/CS 598/ml4se/data/functions/py/100.py:138","Subscript","Subscript",[object Object]
"X:/UIUC/CS 598/ml4se/data/functions/py/100.py:140","X:/UIUC/CS 598/ml4se/data/functions/py/100.py:141","Attribute","elevated",[object Object]
"X:/UIUC/CS 598/ml4se/data/functions/py/100.py:140","X:/UIUC/CS 598/ml4se/data/functions/py/100.py:141","Attribute","Attribute",[object Object]
"X:/UIUC/CS 598/ml4se/data/functions/py/100.py:140","X:/UIUC/CS 598/ml4se/data/functions/py/100.py:142","result","result",[object Object]
"X:/UIUC/CS 598/ml4se/data/functions/py/100.py:140","X:/UIUC/CS 598/ml4se/data/functions/py/100.py:142","result","Attribute()",[object Object]
"X:/UIUC/CS 598/ml4se/data/functions/py/100.py:143","X:/UIUC/CS 598/ml4se/data/functions/py/100.py:144","Subscript","elevated",[object Object]
"X:/UIUC/CS 598/ml4se/data/functions/py/100.py:143","X:/UIUC/CS 598/ml4se/data/functions/py/100.py:144","Subscript","Subscript",[object Object]
"X:/UIUC/CS 598/ml4se/data/functions/py/100.py:143","X:/UIUC/CS 598/ml4se/data/functions/py/100.py:146","Subscript","Str",[object Object]
"X:/UIUC/CS 598/ml4se/data/functions/py/100.py:143","X:/UIUC/CS 598/ml4se/data/functions/py/100.py:146","Subscript","Subscript",[object Object]
"X:/UIUC/CS 598/ml4se/data/functions/py/100.py:143","X:/UIUC/CS 598/ml4se/data/functions/py/100.py:147","Subscript","False",[object Object]
"X:/UIUC/CS 598/ml4se/data/functions/py/100.py:143","X:/UIUC/CS 598/ml4se/data/functions/py/100.py:147","Subscript","Subscript",[object Object]
"X:/UIUC/CS 598/ml4se/data/functions/py/100.py:149","X:/UIUC/CS 598/ml4se/data/functions/py/100.py:151","days","days",[object Object]
"X:/UIUC/CS 598/ml4se/data/functions/py/100.py:149","X:/UIUC/CS 598/ml4se/data/functions/py/100.py:151","days","Dict",[object Object]
"X:/UIUC/CS 598/ml4se/data/functions/py/100.py:159","X:/UIUC/CS 598/ml4se/data/functions/py/100.py:160","Subscript","Str",[object Object]
"X:/UIUC/CS 598/ml4se/data/functions/py/100.py:159","X:/UIUC/CS 598/ml4se/data/functions/py/100.py:160","Subscript","Subscript",[object Object]
"X:/UIUC/CS 598/ml4se/data/functions/py/100.py:159","X:/UIUC/CS 598/ml4se/data/functions/py/100.py:163","Subscript","False",[object Object]
"X:/UIUC/CS 598/ml4se/data/functions/py/100.py:159","X:/UIUC/CS 598/ml4se/data/functions/py/100.py:163","Subscript","Subscript",[object Object]
"X:/UIUC/CS 598/ml4se/data/functions/py/100.py:159","X:/UIUC/CS 598/ml4se/data/functions/py/100.py:166","Attribute","Attribute",[object Object]
"X:/UIUC/CS 598/ml4se/data/functions/py/100.py:159","X:/UIUC/CS 598/ml4se/data/functions/py/100.py:166","Attribute","Subscript",[object Object]
"X:/UIUC/CS 598/ml4se/data/functions/py/100.py:159","X:/UIUC/CS 598/ml4se/data/functions/py/100.py:167","result","result",[object Object]
"X:/UIUC/CS 598/ml4se/data/functions/py/100.py:159","X:/UIUC/CS 598/ml4se/data/functions/py/100.py:167","result","Attribute()",[object Object]
"X:/UIUC/CS 598/ml4se/data/functions/py/100.py:168","X:/UIUC/CS 598/ml4se/data/functions/py/100.py:169","Subscript","day",[object Object]
"X:/UIUC/CS 598/ml4se/data/functions/py/100.py:168","X:/UIUC/CS 598/ml4se/data/functions/py/100.py:169","Subscript","Subscript",[object Object]
"X:/UIUC/CS 598/ml4se/data/functions/py/100.py:168","X:/UIUC/CS 598/ml4se/data/functions/py/100.py:171","Subscript","Str",[object Object]
"X:/UIUC/CS 598/ml4se/data/functions/py/100.py:168","X:/UIUC/CS 598/ml4se/data/functions/py/100.py:171","Subscript","Subscript",[object Object]
"X:/UIUC/CS 598/ml4se/data/functions/py/100.py:168","X:/UIUC/CS 598/ml4se/data/functions/py/100.py:172","Subscript","False",[object Object]
"X:/UIUC/CS 598/ml4se/data/functions/py/100.py:168","X:/UIUC/CS 598/ml4se/data/functions/py/100.py:172","Subscript","Subscript",[object Object]
"X:/UIUC/CS 598/ml4se/data/functions/py/100.py:177","X:/UIUC/CS 598/ml4se/data/functions/py/100.py:178","Subscript","Subscript",[object Object]
"X:/UIUC/CS 598/ml4se/data/functions/py/100.py:177","X:/UIUC/CS 598/ml4se/data/functions/py/100.py:178","Subscript","Attribute()",[object Object]
"X:/UIUC/CS 598/ml4se/data/functions/py/100.py:177","X:/UIUC/CS 598/ml4se/data/functions/py/100.py:180","Subscript","False",[object Object]
"X:/UIUC/CS 598/ml4se/data/functions/py/100.py:177","X:/UIUC/CS 598/ml4se/data/functions/py/100.py:180","Subscript","Subscript",[object Object]
"X:/UIUC/CS 598/ml4se/data/functions/py/100.py:182","X:/UIUC/CS 598/ml4se/data/functions/py/100.py:183","Subscript","Subscript",[object Object]
"X:/UIUC/CS 598/ml4se/data/functions/py/100.py:182","X:/UIUC/CS 598/ml4se/data/functions/py/100.py:183","Subscript","Attribute()",[object Object]
"X:/UIUC/CS 598/ml4se/data/functions/py/100.py:182","X:/UIUC/CS 598/ml4se/data/functions/py/100.py:185","Subscript","False",[object Object]
"X:/UIUC/CS 598/ml4se/data/functions/py/100.py:182","X:/UIUC/CS 598/ml4se/data/functions/py/100.py:185","Subscript","Subscript",[object Object]
"X:/UIUC/CS 598/ml4se/data/functions/py/100.py:182","X:/UIUC/CS 598/ml4se/data/functions/py/100.py:188","t","t",[object Object]
"X:/UIUC/CS 598/ml4se/data/functions/py/100.py:182","X:/UIUC/CS 598/ml4se/data/functions/py/100.py:188","t","Attribute()",[object Object]
"X:/UIUC/CS 598/ml4se/data/functions/py/100.py:182","X:/UIUC/CS 598/ml4se/data/functions/py/100.py:190","Attribute","Attribute",[object Object]
"X:/UIUC/CS 598/ml4se/data/functions/py/100.py:182","X:/UIUC/CS 598/ml4se/data/functions/py/100.py:190","Attribute","Subscript",[object Object]
"X:/UIUC/CS 598/ml4se/data/functions/py/100.py:182","X:/UIUC/CS 598/ml4se/data/functions/py/100.py:191","result","result",[object Object]
"X:/UIUC/CS 598/ml4se/data/functions/py/100.py:182","X:/UIUC/CS 598/ml4se/data/functions/py/100.py:191","result","Attribute()",[object Object]
"X:/UIUC/CS 598/ml4se/data/functions/py/100.py:192","X:/UIUC/CS 598/ml4se/data/functions/py/100.py:193","Subscript","time",[object Object]
"X:/UIUC/CS 598/ml4se/data/functions/py/100.py:192","X:/UIUC/CS 598/ml4se/data/functions/py/100.py:193","Subscript","Subscript",[object Object]
"X:/UIUC/CS 598/ml4se/data/functions/py/100.py:192","X:/UIUC/CS 598/ml4se/data/functions/py/100.py:195","Subscript","Str",[object Object]
"X:/UIUC/CS 598/ml4se/data/functions/py/100.py:192","X:/UIUC/CS 598/ml4se/data/functions/py/100.py:195","Subscript","Subscript",[object Object]
"X:/UIUC/CS 598/ml4se/data/functions/py/100.py:192","X:/UIUC/CS 598/ml4se/data/functions/py/100.py:196","Subscript","False",[object Object]
"X:/UIUC/CS 598/ml4se/data/functions/py/100.py:192","X:/UIUC/CS 598/ml4se/data/functions/py/100.py:196","Subscript","Subscript",[object Object]
"X:/UIUC/CS 598/ml4se/data/functions/py/100.py:198","X:/UIUC/CS 598/ml4se/data/functions/py/100.py:205","Attribute","Str",[object Object]
"X:/UIUC/CS 598/ml4se/data/functions/py/100.py:198","X:/UIUC/CS 598/ml4se/data/functions/py/100.py:205","Attribute","Attribute",[object Object]
"X:/UIUC/CS 598/ml4se/data/functions/py/100.py:221","X:/UIUC/CS 598/ml4se/data/functions/py/100.py:235","Subscript","msupdate",[object Object]
"X:/UIUC/CS 598/ml4se/data/functions/py/100.py:221","X:/UIUC/CS 598/ml4se/data/functions/py/100.py:235","Subscript","Subscript",[object Object]
"X:/UIUC/CS 598/ml4se/data/functions/py/11.py:25","X:/UIUC/CS 598/ml4se/data/functions/py/11.py:30","Subscript","Subscript",[object Object]
"X:/UIUC/CS 598/ml4se/data/functions/py/11.py:25","X:/UIUC/CS 598/ml4se/data/functions/py/11.py:30","Subscript","Attribute()",[object Object]
"X:/UIUC/CS 598/ml4se/data/functions/py/11.py:26","X:/UIUC/CS 598/ml4se/data/functions/py/11.py:27","description","description",[object Object]
"X:/UIUC/CS 598/ml4se/data/functions/py/11.py:26","X:/UIUC/CS 598/ml4se/data/functions/py/11.py:27","description","BoolExpr",[object Object]
"X:/UIUC/CS 598/ml4se/data/functions/py/11.py:26","X:/UIUC/CS 598/ml4se/data/functions/py/11.py:29","Subscript","description",[object Object]
"X:/UIUC/CS 598/ml4se/data/functions/py/11.py:26","X:/UIUC/CS 598/ml4se/data/functions/py/11.py:29","Subscript","Subscript",[object Object]
"X:/UIUC/CS 598/ml4se/data/functions/py/11.py:34","X:/UIUC/CS 598/ml4se/data/functions/py/11.py:35","Subscript","info",[object Object]
"X:/UIUC/CS 598/ml4se/data/functions/py/11.py:34","X:/UIUC/CS 598/ml4se/data/functions/py/11.py:35","Subscript","Subscript",[object Object]
"X:/UIUC/CS 598/ml4se/data/functions/py/15.py:29","X:/UIUC/CS 598/ml4se/data/functions/py/15.py:32","chunks","chunks",[object Object]
"X:/UIUC/CS 598/ml4se/data/functions/py/15.py:29","X:/UIUC/CS 598/ml4se/data/functions/py/15.py:32","chunks","chain()",[object Object]
"X:/UIUC/CS 598/ml4se/data/functions/py/15.py:33","X:/UIUC/CS 598/ml4se/data/functions/py/15.py:34","chunks","chunks",[object Object]
"X:/UIUC/CS 598/ml4se/data/functions/py/15.py:33","X:/UIUC/CS 598/ml4se/data/functions/py/15.py:34","chunks","repeat()",[object Object]
"X:/UIUC/CS 598/ml4se/data/functions/py/17.py:21","X:/UIUC/CS 598/ml4se/data/functions/py/17.py:22","Subscript","Subscript",[object Object]
"X:/UIUC/CS 598/ml4se/data/functions/py/17.py:21","X:/UIUC/CS 598/ml4se/data/functions/py/17.py:22","Subscript","_exit_status()",[object Object]
"X:/UIUC/CS 598/ml4se/data/functions/py/17.py:33","X:/UIUC/CS 598/ml4se/data/functions/py/17.py:34","Subscript","data",[object Object]
"X:/UIUC/CS 598/ml4se/data/functions/py/17.py:33","X:/UIUC/CS 598/ml4se/data/functions/py/17.py:34","Subscript","Subscript",[object Object]
"X:/UIUC/CS 598/ml4se/data/functions/py/18.py:14","X:/UIUC/CS 598/ml4se/data/functions/py/18.py:15","bucket_scheme","bucket_scheme",[object Object]
"X:/UIUC/CS 598/ml4se/data/functions/py/18.py:14","X:/UIUC/CS 598/ml4se/data/functions/py/18.py:15","bucket_scheme","Attribute()",[object Object]
"X:/UIUC/CS 598/ml4se/data/functions/py/18.py:16","X:/UIUC/CS 598/ml4se/data/functions/py/18.py:17","bucket_scheme","bucket_scheme",[object Object]
"X:/UIUC/CS 598/ml4se/data/functions/py/18.py:16","X:/UIUC/CS 598/ml4se/data/functions/py/18.py:17","bucket_scheme","Attribute()",[object Object]
"X:/UIUC/CS 598/ml4se/data/functions/py/18.py:18","X:/UIUC/CS 598/ml4se/data/functions/py/18.py:19","bucket_scheme","bucket_scheme",[object Object]
"X:/UIUC/CS 598/ml4se/data/functions/py/18.py:18","X:/UIUC/CS 598/ml4se/data/functions/py/18.py:19","bucket_scheme","Attribute()",[object Object]
"X:/UIUC/CS 598/ml4se/data/functions/py/19.py:42","X:/UIUC/CS 598/ml4se/data/functions/py/19.py:43","entries","entries",[object Object]
"X:/UIUC/CS 598/ml4se/data/functions/py/19.py:42","X:/UIUC/CS 598/ml4se/data/functions/py/19.py:43","entries","_parse_members()",[object Object]
"X:/UIUC/CS 598/ml4se/data/functions/py/19.py:42","X:/UIUC/CS 598/ml4se/data/functions/py/19.py:45","entries","entries",[object Object]
"X:/UIUC/CS 598/ml4se/data/functions/py/19.py:42","X:/UIUC/CS 598/ml4se/data/functions/py/19.py:45","entries","List",[object Object]
"X:/UIUC/CS 598/ml4se/data/functions/py/23.py:27","X:/UIUC/CS 598/ml4se/data/functions/py/23.py:28","format_key1","format_key1",[object Object]
"X:/UIUC/CS 598/ml4se/data/functions/py/23.py:27","X:/UIUC/CS 598/ml4se/data/functions/py/23.py:28","format_key1","Subscript",[object Object]
"X:/UIUC/CS 598/ml4se/data/functions/py/23.py:27","X:/UIUC/CS 598/ml4se/data/functions/py/23.py:29","m","m",[object Object]
"X:/UIUC/CS 598/ml4se/data/functions/py/23.py:27","X:/UIUC/CS 598/ml4se/data/functions/py/23.py:29","m","getattr()",[object Object]
"X:/UIUC/CS 598/ml4se/data/functions/py/23.py:27","X:/UIUC/CS 598/ml4se/data/functions/py/23.py:30","key_method","key_method",[object Object]
"X:/UIUC/CS 598/ml4se/data/functions/py/23.py:27","X:/UIUC/CS 598/ml4se/data/functions/py/23.py:30","key_method","KeyMethod()",[object Object]
"X:/UIUC/CS 598/ml4se/data/functions/py/23.py:27","X:/UIUC/CS 598/ml4se/data/functions/py/23.py:32","format_key2","Tuple",[object Object]
"X:/UIUC/CS 598/ml4se/data/functions/py/23.py:27","X:/UIUC/CS 598/ml4se/data/functions/py/23.py:32","format_key2","format_key2",[object Object]
"X:/UIUC/CS 598/ml4se/data/functions/py/23.py:27","X:/UIUC/CS 598/ml4se/data/functions/py/23.py:33","m","m",[object Object]
"X:/UIUC/CS 598/ml4se/data/functions/py/23.py:27","X:/UIUC/CS 598/ml4se/data/functions/py/23.py:33","m","getattr()",[object Object]
"X:/UIUC/CS 598/ml4se/data/functions/py/23.py:27","X:/UIUC/CS 598/ml4se/data/functions/py/23.py:34","key_method","key_method",[object Object]
"X:/UIUC/CS 598/ml4se/data/functions/py/23.py:27","X:/UIUC/CS 598/ml4se/data/functions/py/23.py:34","key_method","KeyMethod()",[object Object]
"X:/UIUC/CS 598/ml4se/data/functions/py/24.py:19","X:/UIUC/CS 598/ml4se/data/functions/py/24.py:20","startMembers","True",[object Object]
"X:/UIUC/CS 598/ml4se/data/functions/py/24.py:19","X:/UIUC/CS 598/ml4se/data/functions/py/24.py:20","startMembers","startMembers",[object Object]
"X:/UIUC/CS 598/ml4se/data/functions/py/3.py:17","X:/UIUC/CS 598/ml4se/data/functions/py/3.py:18","initial_mode","initial_mode",[object Object]
"X:/UIUC/CS 598/ml4se/data/functions/py/3.py:17","X:/UIUC/CS 598/ml4se/data/functions/py/3.py:18","initial_mode","_get_adapter_mode_info()",[object Object]
"X:/UIUC/CS 598/ml4se/data/functions/py/31.py:26","X:/UIUC/CS 598/ml4se/data/functions/py/31.py:27","Subscript","topic",[object Object]
"X:/UIUC/CS 598/ml4se/data/functions/py/31.py:26","X:/UIUC/CS 598/ml4se/data/functions/py/31.py:27","Subscript","Subscript",[object Object]
"X:/UIUC/CS 598/ml4se/data/functions/py/31.py:28","X:/UIUC/CS 598/ml4se/data/functions/py/31.py:29","Subscript","ruleDisabled",[object Object]
"X:/UIUC/CS 598/ml4se/data/functions/py/31.py:28","X:/UIUC/CS 598/ml4se/data/functions/py/31.py:29","Subscript","Subscript",[object Object]
"X:/UIUC/CS 598/ml4se/data/functions/py/35.py:41","X:/UIUC/CS 598/ml4se/data/functions/py/35.py:42","loss","loss",[object Object]
"X:/UIUC/CS 598/ml4se/data/functions/py/35.py:41","X:/UIUC/CS 598/ml4se/data/functions/py/35.py:42","loss","UnaryExpr",[object Object]
"X:/UIUC/CS 598/ml4se/data/functions/py/35.py:66","X:/UIUC/CS 598/ml4se/data/functions/py/35.py:67","ax","ax",[object Object]
"X:/UIUC/CS 598/ml4se/data/functions/py/35.py:66","X:/UIUC/CS 598/ml4se/data/functions/py/35.py:67","ax","Attribute()",[object Object]
"X:/UIUC/CS 598/ml4se/data/functions/py/36.py:51","X:/UIUC/CS 598/ml4se/data/functions/py/36.py:52","ret","ret",[object Object]
"X:/UIUC/CS 598/ml4se/data/functions/py/36.py:51","X:/UIUC/CS 598/ml4se/data/functions/py/36.py:52","ret","Dict",[object Object]
"X:/UIUC/CS 598/ml4se/data/functions/py/36.py:51","X:/UIUC/CS 598/ml4se/data/functions/py/36.py:57","window","None",[object Object]
"X:/UIUC/CS 598/ml4se/data/functions/py/36.py:51","X:/UIUC/CS 598/ml4se/data/functions/py/36.py:57","window","window",[object Object]
"X:/UIUC/CS 598/ml4se/data/functions/py/36.py:51","X:/UIUC/CS 598/ml4se/data/functions/py/36.py:63","comment","comment",[object Object]
"X:/UIUC/CS 598/ml4se/data/functions/py/36.py:51","X:/UIUC/CS 598/ml4se/data/functions/py/36.py:63","comment","Attribute()",[object Object]
"X:/UIUC/CS 598/ml4se/data/functions/py/36.py:51","X:/UIUC/CS 598/ml4se/data/functions/py/36.py:71","Subscript","comment",[object Object]
"X:/UIUC/CS 598/ml4se/data/functions/py/36.py:51","X:/UIUC/CS 598/ml4se/data/functions/py/36.py:71","Subscript","Subscript",[object Object]
"X:/UIUC/CS 598/ml4se/data/functions/py/36.py:66","X:/UIUC/CS 598/ml4se/data/functions/py/36.py:70","Subscript","True",[object Object]
"X:/UIUC/CS 598/ml4se/data/functions/py/36.py:66","X:/UIUC/CS 598/ml4se/data/functions/py/36.py:70","Subscript","Subscript",[object Object]
"X:/UIUC/CS 598/ml4se/data/functions/py/36.py:74","X:/UIUC/CS 598/ml4se/data/functions/py/36.py:75","old","None",[object Object]
"X:/UIUC/CS 598/ml4se/data/functions/py/36.py:74","X:/UIUC/CS 598/ml4se/data/functions/py/36.py:75","old","old",[object Object]
"X:/UIUC/CS 598/ml4se/data/functions/py/36.py:74","X:/UIUC/CS 598/ml4se/data/functions/py/36.py:77","old","old",[object Object]
"X:/UIUC/CS 598/ml4se/data/functions/py/36.py:74","X:/UIUC/CS 598/ml4se/data/functions/py/36.py:77","old","Subscript()",[object Object]
"X:/UIUC/CS 598/ml4se/data/functions/py/36.py:107","X:/UIUC/CS 598/ml4se/data/functions/py/36.py:108","Subscript","Dict",[object Object]
"X:/UIUC/CS 598/ml4se/data/functions/py/36.py:107","X:/UIUC/CS 598/ml4se/data/functions/py/36.py:108","Subscript","Subscript",[object Object]
"X:/UIUC/CS 598/ml4se/data/functions/py/36.py:107","X:/UIUC/CS 598/ml4se/data/functions/py/36.py:115","Subscript","Dict",[object Object]
"X:/UIUC/CS 598/ml4se/data/functions/py/36.py:107","X:/UIUC/CS 598/ml4se/data/functions/py/36.py:115","Subscript","Subscript",[object Object]
"X:/UIUC/CS 598/ml4se/data/functions/py/36.py:110","X:/UIUC/CS 598/ml4se/data/functions/py/36.py:111","new","None",[object Object]
"X:/UIUC/CS 598/ml4se/data/functions/py/36.py:110","X:/UIUC/CS 598/ml4se/data/functions/py/36.py:111","new","new",[object Object]
"X:/UIUC/CS 598/ml4se/data/functions/py/36.py:110","X:/UIUC/CS 598/ml4se/data/functions/py/36.py:113","new","new",[object Object]
"X:/UIUC/CS 598/ml4se/data/functions/py/36.py:110","X:/UIUC/CS 598/ml4se/data/functions/py/36.py:113","new","Subscript()",[object Object]
"X:/UIUC/CS 598/ml4se/data/functions/py/37.py:13","X:/UIUC/CS 598/ml4se/data/functions/py/37.py:16","Subscript","List",[object Object]
"X:/UIUC/CS 598/ml4se/data/functions/py/37.py:13","X:/UIUC/CS 598/ml4se/data/functions/py/37.py:16","Subscript","Subscript",[object Object]
"X:/UIUC/CS 598/ml4se/data/functions/py/37.py:13","X:/UIUC/CS 598/ml4se/data/functions/py/37.py:17","Subscript","List",[object Object]
"X:/UIUC/CS 598/ml4se/data/functions/py/37.py:13","X:/UIUC/CS 598/ml4se/data/functions/py/37.py:17","Subscript","Subscript",[object Object]
"X:/UIUC/CS 598/ml4se/data/functions/py/39.py:19","X:/UIUC/CS 598/ml4se/data/functions/py/39.py:22","data","data",[object Object]
"X:/UIUC/CS 598/ml4se/data/functions/py/39.py:19","X:/UIUC/CS 598/ml4se/data/functions/py/39.py:22","data","Attribute()",[object Object]
"X:/UIUC/CS 598/ml4se/data/functions/py/44.py:15","X:/UIUC/CS 598/ml4se/data/functions/py/44.py:17","dtype_dict","dtype_dict",[object Object]
"X:/UIUC/CS 598/ml4se/data/functions/py/44.py:15","X:/UIUC/CS 598/ml4se/data/functions/py/44.py:17","dtype_dict","DictComp",[object Object]
"X:/UIUC/CS 598/ml4se/data/functions/py/44.py:15","X:/UIUC/CS 598/ml4se/data/functions/py/44.py:25","df","df",[object Object]
"X:/UIUC/CS 598/ml4se/data/functions/py/44.py:15","X:/UIUC/CS 598/ml4se/data/functions/py/44.py:25","df","Attribute()",[object Object]
"X:/UIUC/CS 598/ml4se/data/functions/py/44.py:15","X:/UIUC/CS 598/ml4se/data/functions/py/44.py:35","Attribute","Attribute",[object Object]
"X:/UIUC/CS 598/ml4se/data/functions/py/44.py:15","X:/UIUC/CS 598/ml4se/data/functions/py/44.py:37","Attribute","Attribute",[object Object]
"X:/UIUC/CS 598/ml4se/data/functions/py/45.py:13","X:/UIUC/CS 598/ml4se/data/functions/py/45.py:33","min_width","min_width",[object Object]
"X:/UIUC/CS 598/ml4se/data/functions/py/45.py:13","X:/UIUC/CS 598/ml4se/data/functions/py/45.py:33","min_width","Attribute()",[object Object]
"X:/UIUC/CS 598/ml4se/data/functions/py/45.py:13","X:/UIUC/CS 598/ml4se/data/functions/py/45.py:35","max_width","max_width",[object Object]
"X:/UIUC/CS 598/ml4se/data/functions/py/45.py:13","X:/UIUC/CS 598/ml4se/data/functions/py/45.py:35","max_width","Attribute()",[object Object]
"X:/UIUC/CS 598/ml4se/data/functions/py/45.py:13","X:/UIUC/CS 598/ml4se/data/functions/py/45.py:37","base_width","base_width",[object Object]
"X:/UIUC/CS 598/ml4se/data/functions/py/45.py:13","X:/UIUC/CS 598/ml4se/data/functions/py/45.py:37","base_width","Attribute()",[object Object]
"X:/UIUC/CS 598/ml4se/data/functions/py/45.py:441","X:/UIUC/CS 598/ml4se/data/functions/py/45.py:443","_widgets","_widgets",[object Object]
"X:/UIUC/CS 598/ml4se/data/functions/py/45.py:441","X:/UIUC/CS 598/ml4se/data/functions/py/45.py:443","_widgets","ListComp",[object Object]
"X:/UIUC/CS 598/ml4se/data/functions/py/45.py:455","X:/UIUC/CS 598/ml4se/data/functions/py/45.py:457","_widgets","_widgets",[object Object]
"X:/UIUC/CS 598/ml4se/data/functions/py/45.py:455","X:/UIUC/CS 598/ml4se/data/functions/py/45.py:457","_widgets","ListComp",[object Object]
"X:/UIUC/CS 598/ml4se/data/functions/py/45.py:487","X:/UIUC/CS 598/ml4se/data/functions/py/45.py:489","Attribute","False",[object Object]
"X:/UIUC/CS 598/ml4se/data/functions/py/45.py:487","X:/UIUC/CS 598/ml4se/data/functions/py/45.py:489","Attribute","Attribute",[object Object]
"X:/UIUC/CS 598/ml4se/data/functions/py/46.py:5","X:/UIUC/CS 598/ml4se/data/functions/py/46.py:6","cachedir","cachedir",[object Object]
"X:/UIUC/CS 598/ml4se/data/functions/py/46.py:5","X:/UIUC/CS 598/ml4se/data/functions/py/46.py:6","cachedir","__cachedir()",[object Object]
"X:/UIUC/CS 598/ml4se/data/functions/py/46.py:9","X:/UIUC/CS 598/ml4se/data/functions/py/46.py:10","target","target",[object Object]
"X:/UIUC/CS 598/ml4se/data/functions/py/46.py:9","X:/UIUC/CS 598/ml4se/data/functions/py/46.py:10","target","Attribute()",[object Object]
"X:/UIUC/CS 598/ml4se/data/functions/py/46.py:9","X:/UIUC/CS 598/ml4se/data/functions/py/46.py:15","target","target",[object Object]
"X:/UIUC/CS 598/ml4se/data/functions/py/46.py:9","X:/UIUC/CS 598/ml4se/data/functions/py/46.py:15","target","Attribute()",[object Object]
"X:/UIUC/CS 598/ml4se/data/functions/py/47.py:22","X:/UIUC/CS 598/ml4se/data/functions/py/47.py:25","fr","fr",[object Object]
"X:/UIUC/CS 598/ml4se/data/functions/py/47.py:22","X:/UIUC/CS 598/ml4se/data/functions/py/47.py:25","fr","FeatherReader()",[object Object]
"X:/UIUC/CS 598/ml4se/data/functions/py/47.py:22","X:/UIUC/CS 598/ml4se/data/functions/py/47.py:26","columns","columns",[object Object]
"X:/UIUC/CS 598/ml4se/data/functions/py/47.py:22","X:/UIUC/CS 598/ml4se/data/functions/py/47.py:26","columns","ListComp",[object Object]
"X:/UIUC/CS 598/ml4se/data/functions/py/48.py:33","X:/UIUC/CS 598/ml4se/data/functions/py/48.py:34","scsi_address_to_lun","scsi_address_to_lun",[object Object]
"X:/UIUC/CS 598/ml4se/data/functions/py/48.py:33","X:/UIUC/CS 598/ml4se/data/functions/py/48.py:34","scsi_address_to_lun","Attribute()",[object Object]
"X:/UIUC/CS 598/ml4se/data/functions/py/48.py:33","X:/UIUC/CS 598/ml4se/data/functions/py/48.py:40","disk_id","disk_id",[object Object]
"X:/UIUC/CS 598/ml4se/data/functions/py/48.py:33","X:/UIUC/CS 598/ml4se/data/functions/py/48.py:40","disk_id","Attribute",[object Object]
"X:/UIUC/CS 598/ml4se/data/functions/py/5.py:50","X:/UIUC/CS 598/ml4se/data/functions/py/5.py:51","to_concat","to_concat",[object Object]
"X:/UIUC/CS 598/ml4se/data/functions/py/5.py:50","X:/UIUC/CS 598/ml4se/data/functions/py/5.py:51","to_concat","ListComp",[object Object]
"X:/UIUC/CS 598/ml4se/data/functions/py/5.py:53","X:/UIUC/CS 598/ml4se/data/functions/py/5.py:57","typs","typs",[object Object]
"X:/UIUC/CS 598/ml4se/data/functions/py/5.py:53","X:/UIUC/CS 598/ml4se/data/functions/py/5.py:57","typs","get_dtype_kinds()",[object Object]
"X:/UIUC/CS 598/ml4se/data/functions/py/5.py:60","X:/UIUC/CS 598/ml4se/data/functions/py/5.py:66","to_concat","to_concat",[object Object]
"X:/UIUC/CS 598/ml4se/data/functions/py/5.py:60","X:/UIUC/CS 598/ml4se/data/functions/py/5.py:66","to_concat","ListComp",[object Object]
"X:/UIUC/CS 598/ml4se/data/functions/py/52.py:18","X:/UIUC/CS 598/ml4se/data/functions/py/52.py:20","node_name_to_op_type","node_name_to_op_type",[object Object]
"X:/UIUC/CS 598/ml4se/data/functions/py/52.py:18","X:/UIUC/CS 598/ml4se/data/functions/py/52.py:20","node_name_to_op_type","dict()",[object Object]
"X:/UIUC/CS 598/ml4se/data/functions/py/52.py:18","X:/UIUC/CS 598/ml4se/data/functions/py/52.py:24","gated","List",[object Object]
"X:/UIUC/CS 598/ml4se/data/functions/py/52.py:18","X:/UIUC/CS 598/ml4se/data/functions/py/52.py:24","gated","gated",[object Object]
"X:/UIUC/CS 598/ml4se/data/functions/py/52.py:18","X:/UIUC/CS 598/ml4se/data/functions/py/52.py:35","Subscript","gated",[object Object]
"X:/UIUC/CS 598/ml4se/data/functions/py/52.py:18","X:/UIUC/CS 598/ml4se/data/functions/py/52.py:35","Subscript","Subscript",[object Object]
"X:/UIUC/CS 598/ml4se/data/functions/py/52.py:28","X:/UIUC/CS 598/ml4se/data/functions/py/52.py:29","Tuple","Tuple",[object Object]
"X:/UIUC/CS 598/ml4se/data/functions/py/52.py:28","X:/UIUC/CS 598/ml4se/data/functions/py/52.py:29","Tuple","Attribute()",[object Object]
"X:/UIUC/CS 598/ml4se/data/functions/py/54.py:38","X:/UIUC/CS 598/ml4se/data/functions/py/54.py:39","policy_names","List",[object Object]
"X:/UIUC/CS 598/ml4se/data/functions/py/54.py:38","X:/UIUC/CS 598/ml4se/data/functions/py/54.py:39","policy_names","policy_names",[object Object]
"X:/UIUC/CS 598/ml4se/data/functions/py/55.py:12","X:/UIUC/CS 598/ml4se/data/functions/py/55.py:19","np","None",[object Object]
"X:/UIUC/CS 598/ml4se/data/functions/py/55.py:12","X:/UIUC/CS 598/ml4se/data/functions/py/55.py:19","np","np",[object Object]
"X:/UIUC/CS 598/ml4se/data/functions/py/56.py:7","X:/UIUC/CS 598/ml4se/data/functions/py/56.py:9","non_reserved_start_index","non_reserved_start_index",[object Object]
"X:/UIUC/CS 598/ml4se/data/functions/py/56.py:7","X:/UIUC/CS 598/ml4se/data/functions/py/56.py:9","non_reserved_start_index","len()",[object Object]
"X:/UIUC/CS 598/ml4se/data/functions/py/57.py:21","X:/UIUC/CS 598/ml4se/data/functions/py/57.py:22","mask","mask",[object Object]
"X:/UIUC/CS 598/ml4se/data/functions/py/57.py:21","X:/UIUC/CS 598/ml4se/data/functions/py/57.py:22","mask","Subscript",[object Object]
"X:/UIUC/CS 598/ml4se/data/functions/py/57.py:21","X:/UIUC/CS 598/ml4se/data/functions/py/57.py:25","mask","mask",[object Object]
"X:/UIUC/CS 598/ml4se/data/functions/py/57.py:21","X:/UIUC/CS 598/ml4se/data/functions/py/57.py:25","mask","Attribute()",[object Object]
"X:/UIUC/CS 598/ml4se/data/functions/py/57.py:21","X:/UIUC/CS 598/ml4se/data/functions/py/57.py:27","mask","None",[object Object]
"X:/UIUC/CS 598/ml4se/data/functions/py/57.py:21","X:/UIUC/CS 598/ml4se/data/functions/py/57.py:27","mask","mask",[object Object]
"X:/UIUC/CS 598/ml4se/data/functions/py/57.py:36","X:/UIUC/CS 598/ml4se/data/functions/py/57.py:37","repeater","repeater",[object Object]
"X:/UIUC/CS 598/ml4se/data/functions/py/57.py:36","X:/UIUC/CS 598/ml4se/data/functions/py/57.py:37","repeater","Attribute()",[object Object]
"X:/UIUC/CS 598/ml4se/data/functions/py/57.py:36","X:/UIUC/CS 598/ml4se/data/functions/py/57.py:39","idx","idx",[object Object]
"X:/UIUC/CS 598/ml4se/data/functions/py/57.py:36","X:/UIUC/CS 598/ml4se/data/functions/py/57.py:39","idx","Attribute()",[object Object]
"X:/UIUC/CS 598/ml4se/data/functions/py/57.py:41","X:/UIUC/CS 598/ml4se/data/functions/py/57.py:42","repeater","repeater",[object Object]
"X:/UIUC/CS 598/ml4se/data/functions/py/57.py:41","X:/UIUC/CS 598/ml4se/data/functions/py/57.py:42","repeater","Attribute()",[object Object]
"X:/UIUC/CS 598/ml4se/data/functions/py/57.py:41","X:/UIUC/CS 598/ml4se/data/functions/py/57.py:44","idx","idx",[object Object]
"X:/UIUC/CS 598/ml4se/data/functions/py/57.py:41","X:/UIUC/CS 598/ml4se/data/functions/py/57.py:44","idx","Attribute()",[object Object]
"X:/UIUC/CS 598/ml4se/data/functions/py/57.py:59","X:/UIUC/CS 598/ml4se/data/functions/py/57.py:60","chunksize","chunksize",[object Object]
"X:/UIUC/CS 598/ml4se/data/functions/py/57.py:59","X:/UIUC/CS 598/ml4se/data/functions/py/57.py:60","chunksize","IntegerLiteral",[object Object]
"X:/UIUC/CS 598/ml4se/data/functions/py/60.py:4","X:/UIUC/CS 598/ml4se/data/functions/py/60.py:5","Subscript","Subscript",[object Object]
"X:/UIUC/CS 598/ml4se/data/functions/py/60.py:4","X:/UIUC/CS 598/ml4se/data/functions/py/60.py:5","Subscript","Attribute()",[object Object]
"X:/UIUC/CS 598/ml4se/data/functions/py/61.py:5","X:/UIUC/CS 598/ml4se/data/functions/py/61.py:6","Tuple","Tuple",[object Object]
"X:/UIUC/CS 598/ml4se/data/functions/py/61.py:5","X:/UIUC/CS 598/ml4se/data/functions/py/61.py:6","Tuple","divmod()",[object Object]
"X:/UIUC/CS 598/ml4se/data/functions/py/69.py:23","X:/UIUC/CS 598/ml4se/data/functions/py/69.py:29","actual_callback","remove_then_invoke",[object Object]
"X:/UIUC/CS 598/ml4se/data/functions/py/69.py:23","X:/UIUC/CS 598/ml4se/data/functions/py/69.py:29","actual_callback","actual_callback",[object Object]
"X:/UIUC/CS 598/ml4se/data/functions/py/69.py:23","X:/UIUC/CS 598/ml4se/data/functions/py/69.py:31","actual_callback","callback",[object Object]
"X:/UIUC/CS 598/ml4se/data/functions/py/69.py:23","X:/UIUC/CS 598/ml4se/data/functions/py/69.py:31","actual_callback","actual_callback",[object Object]
"X:/UIUC/CS 598/ml4se/data/functions/py/7.py:20","X:/UIUC/CS 598/ml4se/data/functions/py/7.py:23","data","data",[object Object]
"X:/UIUC/CS 598/ml4se/data/functions/py/7.py:20","X:/UIUC/CS 598/ml4se/data/functions/py/7.py:23","data","Attribute()",[object Object]
"X:/UIUC/CS 598/ml4se/data/functions/py/71.py:9","X:/UIUC/CS 598/ml4se/data/functions/py/71.py:10","msg","msg",[object Object]
"X:/UIUC/CS 598/ml4se/data/functions/py/71.py:9","X:/UIUC/CS 598/ml4se/data/functions/py/71.py:10","msg","BinaryExpr",[object Object]
"X:/UIUC/CS 598/ml4se/data/functions/py/71.py:19","X:/UIUC/CS 598/ml4se/data/functions/py/71.py:20","msg","msg",[object Object]
"X:/UIUC/CS 598/ml4se/data/functions/py/71.py:19","X:/UIUC/CS 598/ml4se/data/functions/py/71.py:20","msg","BinaryExpr",[object Object]
"X:/UIUC/CS 598/ml4se/data/functions/py/71.py:25","X:/UIUC/CS 598/ml4se/data/functions/py/71.py:26","Subscript","Subscript",[object Object]
"X:/UIUC/CS 598/ml4se/data/functions/py/73.py:17","X:/UIUC/CS 598/ml4se/data/functions/py/73.py:18","dataset","dataset",[object Object]
"X:/UIUC/CS 598/ml4se/data/functions/py/73.py:17","X:/UIUC/CS 598/ml4se/data/functions/py/73.py:18","dataset","_SFrame()",[object Object]
"X:/UIUC/CS 598/ml4se/data/functions/py/73.py:17","X:/UIUC/CS 598/ml4se/data/functions/py/73.py:20","dataset","dataset",[object Object]
"X:/UIUC/CS 598/ml4se/data/functions/py/73.py:17","X:/UIUC/CS 598/ml4se/data/functions/py/73.py:20","dataset","_SFrame()",[object Object]
"X:/UIUC/CS 598/ml4se/data/functions/py/74.py:38","X:/UIUC/CS 598/ml4se/data/functions/py/74.py:39","policy_names","List",[object Object]
"X:/UIUC/CS 598/ml4se/data/functions/py/74.py:38","X:/UIUC/CS 598/ml4se/data/functions/py/74.py:39","policy_names","policy_names",[object Object]
"X:/UIUC/CS 598/ml4se/data/functions/py/76.py:7","X:/UIUC/CS 598/ml4se/data/functions/py/76.py:8","timetuple","timetuple",[object Object]
"X:/UIUC/CS 598/ml4se/data/functions/py/76.py:7","X:/UIUC/CS 598/ml4se/data/functions/py/76.py:8","timetuple","parsedate()",[object Object]
"X:/UIUC/CS 598/ml4se/data/functions/py/77.py:18","X:/UIUC/CS 598/ml4se/data/functions/py/77.py:19","byteslen","byteslen",[object Object]
"X:/UIUC/CS 598/ml4se/data/functions/py/77.py:18","X:/UIUC/CS 598/ml4se/data/functions/py/77.py:19","byteslen","BinaryExpr",[object Object]
"X:/UIUC/CS 598/ml4se/data/functions/py/77.py:18","X:/UIUC/CS 598/ml4se/data/functions/py/77.py:20","details","details",[object Object]
"X:/UIUC/CS 598/ml4se/data/functions/py/77.py:18","X:/UIUC/CS 598/ml4se/data/functions/py/77.py:20","details","_compat_to_bytes()",[object Object]
"X:/UIUC/CS 598/ml4se/data/functions/py/77.py:18","X:/UIUC/CS 598/ml4se/data/functions/py/77.py:21","msg","msg",[object Object]
"X:/UIUC/CS 598/ml4se/data/functions/py/77.py:18","X:/UIUC/CS 598/ml4se/data/functions/py/77.py:21","msg","Str",[object Object]
"X:/UIUC/CS 598/ml4se/data/functions/py/79.py:22","X:/UIUC/CS 598/ml4se/data/functions/py/79.py:23","Subscript","Str",[object Object]
"X:/UIUC/CS 598/ml4se/data/functions/py/79.py:22","X:/UIUC/CS 598/ml4se/data/functions/py/79.py:23","Subscript","Subscript",[object Object]
"X:/UIUC/CS 598/ml4se/data/functions/py/79.py:35","X:/UIUC/CS 598/ml4se/data/functions/py/79.py:36","Subscript","IfExp",[object Object]
"X:/UIUC/CS 598/ml4se/data/functions/py/79.py:35","X:/UIUC/CS 598/ml4se/data/functions/py/79.py:36","Subscript","Subscript",[object Object]
"X:/UIUC/CS 598/ml4se/data/functions/py/82.py:42","X:/UIUC/CS 598/ml4se/data/functions/py/82.py:43","smallest_array","smallest_array",[object Object]
"X:/UIUC/CS 598/ml4se/data/functions/py/82.py:42","X:/UIUC/CS 598/ml4se/data/functions/py/82.py:43","smallest_array","Subscript",[object Object]
"X:/UIUC/CS 598/ml4se/data/functions/py/82.py:42","X:/UIUC/CS 598/ml4se/data/functions/py/82.py:44","seq_len","seq_len",[object Object]
"X:/UIUC/CS 598/ml4se/data/functions/py/82.py:42","X:/UIUC/CS 598/ml4se/data/functions/py/82.py:44","seq_len","BinaryExpr",[object Object]
"X:/UIUC/CS 598/ml4se/data/functions/py/82.py:42","X:/UIUC/CS 598/ml4se/data/functions/py/82.py:45","Attribute","seq_len",[object Object]
"X:/UIUC/CS 598/ml4se/data/functions/py/82.py:42","X:/UIUC/CS 598/ml4se/data/functions/py/82.py:45","Attribute","Attribute",[object Object]
"X:/UIUC/CS 598/ml4se/data/functions/py/82.py:42","X:/UIUC/CS 598/ml4se/data/functions/py/82.py:47","smallest_array","smallest_array",[object Object]
"X:/UIUC/CS 598/ml4se/data/functions/py/82.py:42","X:/UIUC/CS 598/ml4se/data/functions/py/82.py:47","smallest_array","Subscript",[object Object]
"X:/UIUC/CS 598/ml4se/data/functions/py/82.py:42","X:/UIUC/CS 598/ml4se/data/functions/py/82.py:48","Attribute","IntegerLiteral",[object Object]
"X:/UIUC/CS 598/ml4se/data/functions/py/82.py:42","X:/UIUC/CS 598/ml4se/data/functions/py/82.py:48","Attribute","Attribute",[object Object]
"X:/UIUC/CS 598/ml4se/data/functions/py/82.py:53","X:/UIUC/CS 598/ml4se/data/functions/py/82.py:60","sequences_per_minibatch","sequences_per_minibatch",[object Object]
"X:/UIUC/CS 598/ml4se/data/functions/py/82.py:53","X:/UIUC/CS 598/ml4se/data/functions/py/82.py:60","sequences_per_minibatch","IntegerLiteral",[object Object]
"X:/UIUC/CS 598/ml4se/data/functions/py/82.py:62","X:/UIUC/CS 598/ml4se/data/functions/py/82.py:64","sequences_per_minibatch","sequences_per_minibatch",[object Object]
"X:/UIUC/CS 598/ml4se/data/functions/py/82.py:62","X:/UIUC/CS 598/ml4se/data/functions/py/82.py:64","sequences_per_minibatch","make_divisible_by()",[object Object]
"X:/UIUC/CS 598/ml4se/data/functions/py/82.py:82","X:/UIUC/CS 598/ml4se/data/functions/py/82.py:84","state_inputs","state_inputs",[object Object]
"X:/UIUC/CS 598/ml4se/data/functions/py/82.py:82","X:/UIUC/CS 598/ml4se/data/functions/py/82.py:84","state_inputs","ListComp",[object Object]
"X:/UIUC/CS 598/ml4se/data/functions/py/82.py:82","X:/UIUC/CS 598/ml4se/data/functions/py/82.py:89","inputs","inputs",[object Object]
"X:/UIUC/CS 598/ml4se/data/functions/py/82.py:82","X:/UIUC/CS 598/ml4se/data/functions/py/82.py:89","inputs","ListComp",[object Object]
"X:/UIUC/CS 598/ml4se/data/functions/py/82.py:82","X:/UIUC/CS 598/ml4se/data/functions/py/82.py:95","truncated_len","truncated_len",[object Object]
"X:/UIUC/CS 598/ml4se/data/functions/py/82.py:82","X:/UIUC/CS 598/ml4se/data/functions/py/82.py:95","truncated_len","len()",[object Object]
"X:/UIUC/CS 598/ml4se/data/functions/py/83.py:31","X:/UIUC/CS 598/ml4se/data/functions/py/83.py:32","net","net",[object Object]
"X:/UIUC/CS 598/ml4se/data/functions/py/83.py:31","X:/UIUC/CS 598/ml4se/data/functions/py/83.py:32","net","Attribute()",[object Object]
"X:/UIUC/CS 598/ml4se/data/functions/py/83.py:31","X:/UIUC/CS 598/ml4se/data/functions/py/83.py:34","net","net",[object Object]
"X:/UIUC/CS 598/ml4se/data/functions/py/83.py:31","X:/UIUC/CS 598/ml4se/data/functions/py/83.py:34","net","Attribute()",[object Object]
"X:/UIUC/CS 598/ml4se/data/functions/py/83.py:31","X:/UIUC/CS 598/ml4se/data/functions/py/83.py:35","net","net",[object Object]
"X:/UIUC/CS 598/ml4se/data/functions/py/83.py:31","X:/UIUC/CS 598/ml4se/data/functions/py/83.py:35","net","Attribute()()",[object Object]
"X:/UIUC/CS 598/ml4se/data/functions/py/83.py:37","X:/UIUC/CS 598/ml4se/data/functions/py/83.py:38","net","net",[object Object]
"X:/UIUC/CS 598/ml4se/data/functions/py/83.py:37","X:/UIUC/CS 598/ml4se/data/functions/py/83.py:38","net","Attribute()",[object Object]
"X:/UIUC/CS 598/ml4se/data/functions/py/83.py:37","X:/UIUC/CS 598/ml4se/data/functions/py/83.py:40","net","net",[object Object]
"X:/UIUC/CS 598/ml4se/data/functions/py/83.py:37","X:/UIUC/CS 598/ml4se/data/functions/py/83.py:40","net","Attribute()",[object Object]
"X:/UIUC/CS 598/ml4se/data/functions/py/83.py:37","X:/UIUC/CS 598/ml4se/data/functions/py/83.py:41","net","net",[object Object]
"X:/UIUC/CS 598/ml4se/data/functions/py/83.py:37","X:/UIUC/CS 598/ml4se/data/functions/py/83.py:41","net","Attribute()()",[object Object]
"X:/UIUC/CS 598/ml4se/data/functions/py/83.py:43","X:/UIUC/CS 598/ml4se/data/functions/py/83.py:48","net","net",[object Object]
"X:/UIUC/CS 598/ml4se/data/functions/py/83.py:43","X:/UIUC/CS 598/ml4se/data/functions/py/83.py:48","net","Attribute()()",[object Object]
"X:/UIUC/CS 598/ml4se/data/functions/py/83.py:43","X:/UIUC/CS 598/ml4se/data/functions/py/83.py:50","net","net",[object Object]
"X:/UIUC/CS 598/ml4se/data/functions/py/83.py:43","X:/UIUC/CS 598/ml4se/data/functions/py/83.py:50","net","Subscript",[object Object]
"X:/UIUC/CS 598/ml4se/data/functions/py/90.py:17","X:/UIUC/CS 598/ml4se/data/functions/py/90.py:18","api_key","api_key",[object Object]
"X:/UIUC/CS 598/ml4se/data/functions/py/90.py:17","X:/UIUC/CS 598/ml4se/data/functions/py/90.py:18","api_key","_get_api_key()",[object Object]
"X:/UIUC/CS 598/ml4se/data/functions/py/90.py:21","X:/UIUC/CS 598/ml4se/data/functions/py/90.py:22","users","users",[object Object]
"X:/UIUC/CS 598/ml4se/data/functions/py/90.py:21","X:/UIUC/CS 598/ml4se/data/functions/py/90.py:22","users","Subscript",[object Object]
"X:/UIUC/CS 598/ml4se/data/functions/py/91.py:23","X:/UIUC/CS 598/ml4se/data/functions/py/91.py:26","data","data",[object Object]
"X:/UIUC/CS 598/ml4se/data/functions/py/91.py:23","X:/UIUC/CS 598/ml4se/data/functions/py/91.py:26","data","Attribute()",[object Object]
"X:/UIUC/CS 598/ml4se/data/functions/py/92.py:13","X:/UIUC/CS 598/ml4se/data/functions/py/92.py:14","subclass","subclass",[object Object]
"X:/UIUC/CS 598/ml4se/data/functions/py/92.py:13","X:/UIUC/CS 598/ml4se/data/functions/py/92.py:14","subclass","Attribute",[object Object]
"X:/UIUC/CS 598/ml4se/data/functions/py/96.py:59","X:/UIUC/CS 598/ml4se/data/functions/py/96.py:60","loc","loc",[object Object]
"X:/UIUC/CS 598/ml4se/data/functions/py/96.py:59","X:/UIUC/CS 598/ml4se/data/functions/py/96.py:60","loc","Attribute()",[object Object]
"X:/UIUC/CS 598/ml4se/data/functions/py/96.py:93","X:/UIUC/CS 598/ml4se/data/functions/py/96.py:94","loc","loc",[object Object]
"X:/UIUC/CS 598/ml4se/data/functions/py/96.py:93","X:/UIUC/CS 598/ml4se/data/functions/py/96.py:94","loc","Subscript",[object Object]
"X:/UIUC/CS 598/ml4se/data/functions/py/97.py:18","X:/UIUC/CS 598/ml4se/data/functions/py/97.py:19","user_id","user_id",[object Object]
"X:/UIUC/CS 598/ml4se/data/functions/py/97.py:18","X:/UIUC/CS 598/ml4se/data/functions/py/97.py:19","user_id","Attribute",[object Object]
"X:/UIUC/CS 598/ml4se/data/functions/py/97.py:25","X:/UIUC/CS 598/ml4se/data/functions/py/97.py:26","name","name",[object Object]
"X:/UIUC/CS 598/ml4se/data/functions/py/97.py:25","X:/UIUC/CS 598/ml4se/data/functions/py/97.py:26","name","Attribute",[object Object]
"X:/UIUC/CS 598/ml4se/data/functions/py/97.py:27","X:/UIUC/CS 598/ml4se/data/functions/py/97.py:28","email","email",[object Object]
"X:/UIUC/CS 598/ml4se/data/functions/py/97.py:27","X:/UIUC/CS 598/ml4se/data/functions/py/97.py:28","email","Attribute",[object Object]
"X:/UIUC/CS 598/ml4se/data/functions/py/97.py:29","X:/UIUC/CS 598/ml4se/data/functions/py/97.py:30","enabled","enabled",[object Object]
"X:/UIUC/CS 598/ml4se/data/functions/py/97.py:29","X:/UIUC/CS 598/ml4se/data/functions/py/97.py:30","enabled","Attribute",[object Object]
"X:/UIUC/CS 598/ml4se/data/functions/py/97.py:32","X:/UIUC/CS 598/ml4se/data/functions/py/97.py:38","project_id","None",[object Object]
"X:/UIUC/CS 598/ml4se/data/functions/py/97.py:32","X:/UIUC/CS 598/ml4se/data/functions/py/97.py:38","project_id","project_id",[object Object]
"X:/UIUC/CS 598/ml4se/data/functions/py/97.py:32","X:/UIUC/CS 598/ml4se/data/functions/py/97.py:52","tenant_id","None",[object Object]
"X:/UIUC/CS 598/ml4se/data/functions/py/97.py:32","X:/UIUC/CS 598/ml4se/data/functions/py/97.py:52","tenant_id","tenant_id",[object Object]
"X:/UIUC/CS 598/ml4se/data/functions/py/97.py:33","X:/UIUC/CS 598/ml4se/data/functions/py/97.py:34","description","description",[object Object]
"X:/UIUC/CS 598/ml4se/data/functions/py/97.py:33","X:/UIUC/CS 598/ml4se/data/functions/py/97.py:34","description","getattr()",[object Object]
"X:/UIUC/CS 598/ml4se/data/functions/py/97.py:33","X:/UIUC/CS 598/ml4se/data/functions/py/97.py:36","description","description",[object Object]
"X:/UIUC/CS 598/ml4se/data/functions/py/97.py:33","X:/UIUC/CS 598/ml4se/data/functions/py/97.py:36","description","Attribute()",[object Object]
"X:/UIUC/CS 598/ml4se/data/functions/py/97.py:41","X:/UIUC/CS 598/ml4se/data/functions/py/97.py:42","project_id","project_id",[object Object]
"X:/UIUC/CS 598/ml4se/data/functions/py/97.py:41","X:/UIUC/CS 598/ml4se/data/functions/py/97.py:42","project_id","Attribute",[object Object]
"X:/UIUC/CS 598/ml4se/data/functions/py/97.py:44","X:/UIUC/CS 598/ml4se/data/functions/py/97.py:45","project_id","project_id",[object Object]
"X:/UIUC/CS 598/ml4se/data/functions/py/97.py:44","X:/UIUC/CS 598/ml4se/data/functions/py/97.py:45","project_id","getattr()",[object Object]
"X:/UIUC/CS 598/ml4se/data/functions/py/97.py:55","X:/UIUC/CS 598/ml4se/data/functions/py/97.py:56","tenant_id","tenant_id",[object Object]
"X:/UIUC/CS 598/ml4se/data/functions/py/97.py:55","X:/UIUC/CS 598/ml4se/data/functions/py/97.py:56","tenant_id","Attribute",[object Object]
