"X:/UIUC/CS 598/ml4se/data/functions/py/10.py:1","X:/UIUC/CS 598/ml4se/data/functions/py/10.py:22","recvTime","Tuple",[object Object]
"X:/UIUC/CS 598/ml4se/data/functions/py/10.py:1","X:/UIUC/CS 598/ml4se/data/functions/py/10.py:22","recvTime","Tuple",[object Object]
"X:/UIUC/CS 598/ml4se/data/functions/py/10.py:1","X:/UIUC/CS 598/ml4se/data/functions/py/10.py:22","recvTime","receive_one_ping()",[object Object]
"X:/UIUC/CS 598/ml4se/data/functions/py/10.py:1","X:/UIUC/CS 598/ml4se/data/functions/py/10.py:22","recvTime","receive_one_ping()",[object Object]
"X:/UIUC/CS 598/ml4se/data/functions/py/10.py:1","X:/UIUC/CS 598/ml4se/data/functions/py/10.py:22","dataSize","Tuple",[object Object]
"X:/UIUC/CS 598/ml4se/data/functions/py/10.py:1","X:/UIUC/CS 598/ml4se/data/functions/py/10.py:22","dataSize","Tuple",[object Object]
"X:/UIUC/CS 598/ml4se/data/functions/py/10.py:1","X:/UIUC/CS 598/ml4se/data/functions/py/10.py:22","dataSize","receive_one_ping()",[object Object]
"X:/UIUC/CS 598/ml4se/data/functions/py/10.py:1","X:/UIUC/CS 598/ml4se/data/functions/py/10.py:22","dataSize","receive_one_ping()",[object Object]
"X:/UIUC/CS 598/ml4se/data/functions/py/10.py:1","X:/UIUC/CS 598/ml4se/data/functions/py/10.py:22","iphSrcIP","Tuple",[object Object]
"X:/UIUC/CS 598/ml4se/data/functions/py/10.py:1","X:/UIUC/CS 598/ml4se/data/functions/py/10.py:22","iphSrcIP","Tuple",[object Object]
"X:/UIUC/CS 598/ml4se/data/functions/py/10.py:1","X:/UIUC/CS 598/ml4se/data/functions/py/10.py:22","iphSrcIP","receive_one_ping()",[object Object]
"X:/UIUC/CS 598/ml4se/data/functions/py/10.py:1","X:/UIUC/CS 598/ml4se/data/functions/py/10.py:22","iphSrcIP","receive_one_ping()",[object Object]
"X:/UIUC/CS 598/ml4se/data/functions/py/10.py:1","X:/UIUC/CS 598/ml4se/data/functions/py/10.py:22","icmpSeqNumber","Tuple",[object Object]
"X:/UIUC/CS 598/ml4se/data/functions/py/10.py:1","X:/UIUC/CS 598/ml4se/data/functions/py/10.py:22","icmpSeqNumber","Tuple",[object Object]
"X:/UIUC/CS 598/ml4se/data/functions/py/10.py:1","X:/UIUC/CS 598/ml4se/data/functions/py/10.py:22","icmpSeqNumber","receive_one_ping()",[object Object]
"X:/UIUC/CS 598/ml4se/data/functions/py/10.py:1","X:/UIUC/CS 598/ml4se/data/functions/py/10.py:22","icmpSeqNumber","receive_one_ping()",[object Object]
"X:/UIUC/CS 598/ml4se/data/functions/py/10.py:1","X:/UIUC/CS 598/ml4se/data/functions/py/10.py:22","iphTTL","Tuple",[object Object]
"X:/UIUC/CS 598/ml4se/data/functions/py/10.py:1","X:/UIUC/CS 598/ml4se/data/functions/py/10.py:22","iphTTL","Tuple",[object Object]
"X:/UIUC/CS 598/ml4se/data/functions/py/10.py:1","X:/UIUC/CS 598/ml4se/data/functions/py/10.py:22","iphTTL","receive_one_ping()",[object Object]
"X:/UIUC/CS 598/ml4se/data/functions/py/10.py:1","X:/UIUC/CS 598/ml4se/data/functions/py/10.py:22","iphTTL","receive_one_ping()",[object Object]
"X:/UIUC/CS 598/ml4se/data/functions/py/35.py:1","X:/UIUC/CS 598/ml4se/data/functions/py/35.py:29","y","Tuple",[object Object]
"X:/UIUC/CS 598/ml4se/data/functions/py/35.py:1","X:/UIUC/CS 598/ml4se/data/functions/py/35.py:29","y","Tuple",[object Object]
"X:/UIUC/CS 598/ml4se/data/functions/py/35.py:1","X:/UIUC/CS 598/ml4se/data/functions/py/35.py:29","y","Attribute()",[object Object]
"X:/UIUC/CS 598/ml4se/data/functions/py/35.py:1","X:/UIUC/CS 598/ml4se/data/functions/py/35.py:29","y","Attribute()",[object Object]
"X:/UIUC/CS 598/ml4se/data/functions/py/35.py:1","X:/UIUC/CS 598/ml4se/data/functions/py/35.py:29","_nb_classes","Tuple",[object Object]
"X:/UIUC/CS 598/ml4se/data/functions/py/35.py:1","X:/UIUC/CS 598/ml4se/data/functions/py/35.py:29","_nb_classes","Tuple",[object Object]
"X:/UIUC/CS 598/ml4se/data/functions/py/35.py:1","X:/UIUC/CS 598/ml4se/data/functions/py/35.py:29","_nb_classes","Attribute()",[object Object]
"X:/UIUC/CS 598/ml4se/data/functions/py/35.py:1","X:/UIUC/CS 598/ml4se/data/functions/py/35.py:29","_nb_classes","Attribute()",[object Object]
"X:/UIUC/CS 598/ml4se/data/functions/py/35.py:1","X:/UIUC/CS 598/ml4se/data/functions/py/35.py:73","adv_x","Tuple",[object Object]
"X:/UIUC/CS 598/ml4se/data/functions/py/35.py:1","X:/UIUC/CS 598/ml4se/data/functions/py/35.py:73","adv_x","Tuple",[object Object]
"X:/UIUC/CS 598/ml4se/data/functions/py/35.py:1","X:/UIUC/CS 598/ml4se/data/functions/py/35.py:73","adv_x","Attribute()",[object Object]
"X:/UIUC/CS 598/ml4se/data/functions/py/35.py:1","X:/UIUC/CS 598/ml4se/data/functions/py/35.py:73","adv_x","Attribute()",[object Object]
"X:/UIUC/CS 598/ml4se/data/functions/py/35.py:1","X:/UIUC/CS 598/ml4se/data/functions/py/35.py:73","_","Tuple",[object Object]
"X:/UIUC/CS 598/ml4se/data/functions/py/35.py:1","X:/UIUC/CS 598/ml4se/data/functions/py/35.py:73","_","Tuple",[object Object]
"X:/UIUC/CS 598/ml4se/data/functions/py/35.py:1","X:/UIUC/CS 598/ml4se/data/functions/py/35.py:73","_","Attribute()",[object Object]
"X:/UIUC/CS 598/ml4se/data/functions/py/35.py:1","X:/UIUC/CS 598/ml4se/data/functions/py/35.py:73","_","Attribute()",[object Object]
"X:/UIUC/CS 598/ml4se/data/functions/py/35.py:37","X:/UIUC/CS 598/ml4se/data/functions/py/35.py:45","grad","Tuple",[object Object]
"X:/UIUC/CS 598/ml4se/data/functions/py/35.py:37","X:/UIUC/CS 598/ml4se/data/functions/py/35.py:45","grad","Tuple",[object Object]
"X:/UIUC/CS 598/ml4se/data/functions/py/35.py:37","X:/UIUC/CS 598/ml4se/data/functions/py/35.py:45","grad","Attribute()",[object Object]
"X:/UIUC/CS 598/ml4se/data/functions/py/35.py:37","X:/UIUC/CS 598/ml4se/data/functions/py/35.py:45","grad","Attribute()",[object Object]
"X:/UIUC/CS 598/ml4se/data/functions/py/45.py:1","X:/UIUC/CS 598/ml4se/data/functions/py/45.py:45","MATLAB","Tuple",[object Object]
"X:/UIUC/CS 598/ml4se/data/functions/py/45.py:1","X:/UIUC/CS 598/ml4se/data/functions/py/45.py:45","MATLAB","Tuple",[object Object]
"X:/UIUC/CS 598/ml4se/data/functions/py/45.py:1","X:/UIUC/CS 598/ml4se/data/functions/py/45.py:45","MATLAB","range()",[object Object]
"X:/UIUC/CS 598/ml4se/data/functions/py/45.py:1","X:/UIUC/CS 598/ml4se/data/functions/py/45.py:45","MATLAB","range()",[object Object]
"X:/UIUC/CS 598/ml4se/data/functions/py/45.py:1","X:/UIUC/CS 598/ml4se/data/functions/py/45.py:45","RSTUDIO","Tuple",[object Object]
"X:/UIUC/CS 598/ml4se/data/functions/py/45.py:1","X:/UIUC/CS 598/ml4se/data/functions/py/45.py:45","RSTUDIO","Tuple",[object Object]
"X:/UIUC/CS 598/ml4se/data/functions/py/45.py:1","X:/UIUC/CS 598/ml4se/data/functions/py/45.py:45","RSTUDIO","range()",[object Object]
"X:/UIUC/CS 598/ml4se/data/functions/py/45.py:1","X:/UIUC/CS 598/ml4se/data/functions/py/45.py:45","RSTUDIO","range()",[object Object]
"X:/UIUC/CS 598/ml4se/data/functions/py/45.py:1","X:/UIUC/CS 598/ml4se/data/functions/py/45.py:45","VERTICAL","Tuple",[object Object]
"X:/UIUC/CS 598/ml4se/data/functions/py/45.py:1","X:/UIUC/CS 598/ml4se/data/functions/py/45.py:45","VERTICAL","Tuple",[object Object]
"X:/UIUC/CS 598/ml4se/data/functions/py/45.py:1","X:/UIUC/CS 598/ml4se/data/functions/py/45.py:45","VERTICAL","range()",[object Object]
"X:/UIUC/CS 598/ml4se/data/functions/py/45.py:1","X:/UIUC/CS 598/ml4se/data/functions/py/45.py:45","VERTICAL","range()",[object Object]
"X:/UIUC/CS 598/ml4se/data/functions/py/45.py:1","X:/UIUC/CS 598/ml4se/data/functions/py/45.py:45","HORIZONTAL","Tuple",[object Object]
"X:/UIUC/CS 598/ml4se/data/functions/py/45.py:1","X:/UIUC/CS 598/ml4se/data/functions/py/45.py:45","HORIZONTAL","Tuple",[object Object]
"X:/UIUC/CS 598/ml4se/data/functions/py/45.py:1","X:/UIUC/CS 598/ml4se/data/functions/py/45.py:45","HORIZONTAL","range()",[object Object]
"X:/UIUC/CS 598/ml4se/data/functions/py/45.py:1","X:/UIUC/CS 598/ml4se/data/functions/py/45.py:45","HORIZONTAL","range()",[object Object]
"X:/UIUC/CS 598/ml4se/data/functions/py/78.py:1","X:/UIUC/CS 598/ml4se/data/functions/py/78.py:3","width","Tuple",[object Object]
"X:/UIUC/CS 598/ml4se/data/functions/py/78.py:1","X:/UIUC/CS 598/ml4se/data/functions/py/78.py:3","width","Tuple",[object Object]
"X:/UIUC/CS 598/ml4se/data/functions/py/78.py:1","X:/UIUC/CS 598/ml4se/data/functions/py/78.py:3","width","Attribute()",[object Object]
"X:/UIUC/CS 598/ml4se/data/functions/py/78.py:1","X:/UIUC/CS 598/ml4se/data/functions/py/78.py:3","width","Attribute()",[object Object]
"X:/UIUC/CS 598/ml4se/data/functions/py/78.py:1","X:/UIUC/CS 598/ml4se/data/functions/py/78.py:3","height","Tuple",[object Object]
"X:/UIUC/CS 598/ml4se/data/functions/py/78.py:1","X:/UIUC/CS 598/ml4se/data/functions/py/78.py:3","height","Tuple",[object Object]
"X:/UIUC/CS 598/ml4se/data/functions/py/78.py:1","X:/UIUC/CS 598/ml4se/data/functions/py/78.py:3","height","Attribute()",[object Object]
"X:/UIUC/CS 598/ml4se/data/functions/py/78.py:1","X:/UIUC/CS 598/ml4se/data/functions/py/78.py:3","height","Attribute()",[object Object]
"X:/UIUC/CS 598/ml4se/data/functions/py/80.py:1","X:/UIUC/CS 598/ml4se/data/functions/py/80.py:9","key","Tuple",[object Object]
"X:/UIUC/CS 598/ml4se/data/functions/py/80.py:1","X:/UIUC/CS 598/ml4se/data/functions/py/80.py:9","key","Tuple",[object Object]
"X:/UIUC/CS 598/ml4se/data/functions/py/80.py:1","X:/UIUC/CS 598/ml4se/data/functions/py/80.py:9","key","Attribute()",[object Object]
"X:/UIUC/CS 598/ml4se/data/functions/py/80.py:1","X:/UIUC/CS 598/ml4se/data/functions/py/80.py:9","key","Attribute()",[object Object]
"X:/UIUC/CS 598/ml4se/data/functions/py/80.py:1","X:/UIUC/CS 598/ml4se/data/functions/py/80.py:9","bucket","Tuple",[object Object]
"X:/UIUC/CS 598/ml4se/data/functions/py/80.py:1","X:/UIUC/CS 598/ml4se/data/functions/py/80.py:9","bucket","Tuple",[object Object]
"X:/UIUC/CS 598/ml4se/data/functions/py/80.py:1","X:/UIUC/CS 598/ml4se/data/functions/py/80.py:9","bucket","Attribute()",[object Object]
"X:/UIUC/CS 598/ml4se/data/functions/py/80.py:1","X:/UIUC/CS 598/ml4se/data/functions/py/80.py:9","bucket","Attribute()",[object Object]
"X:/UIUC/CS 598/ml4se/data/functions/py/96.py:1","X:/UIUC/CS 598/ml4se/data/functions/py/96.py:76","lead_key","Tuple",[object Object]
"X:/UIUC/CS 598/ml4se/data/functions/py/96.py:1","X:/UIUC/CS 598/ml4se/data/functions/py/96.py:76","lead_key","Tuple",[object Object]
"X:/UIUC/CS 598/ml4se/data/functions/py/96.py:1","X:/UIUC/CS 598/ml4se/data/functions/py/96.py:76","follow_key","Tuple",[object Object]
"X:/UIUC/CS 598/ml4se/data/functions/py/96.py:1","X:/UIUC/CS 598/ml4se/data/functions/py/96.py:76","follow_key","Tuple",[object Object]
"X:/UIUC/CS 598/ml4se/data/functions/py/96.py:1","X:/UIUC/CS 598/ml4se/data/functions/py/96.py:77","start","Tuple",[object Object]
"X:/UIUC/CS 598/ml4se/data/functions/py/96.py:1","X:/UIUC/CS 598/ml4se/data/functions/py/96.py:77","start","Tuple",[object Object]
"X:/UIUC/CS 598/ml4se/data/functions/py/96.py:1","X:/UIUC/CS 598/ml4se/data/functions/py/96.py:77","start","IfExp",[object Object]
"X:/UIUC/CS 598/ml4se/data/functions/py/96.py:1","X:/UIUC/CS 598/ml4se/data/functions/py/96.py:77","start","IfExp",[object Object]
"X:/UIUC/CS 598/ml4se/data/functions/py/96.py:1","X:/UIUC/CS 598/ml4se/data/functions/py/96.py:77","stop","Tuple",[object Object]
"X:/UIUC/CS 598/ml4se/data/functions/py/96.py:1","X:/UIUC/CS 598/ml4se/data/functions/py/96.py:77","stop","Tuple",[object Object]
"X:/UIUC/CS 598/ml4se/data/functions/py/96.py:1","X:/UIUC/CS 598/ml4se/data/functions/py/96.py:77","stop","IfExp",[object Object]
"X:/UIUC/CS 598/ml4se/data/functions/py/96.py:1","X:/UIUC/CS 598/ml4se/data/functions/py/96.py:77","stop","IfExp",[object Object]
"X:/UIUC/CS 598/ml4se/data/functions/py/100.py:212","X:/UIUC/CS 598/ml4se/data/functions/py/100.py:213","msg","Tuple",[object Object]
"X:/UIUC/CS 598/ml4se/data/functions/py/100.py:212","X:/UIUC/CS 598/ml4se/data/functions/py/100.py:213","msg","Tuple",[object Object]
"X:/UIUC/CS 598/ml4se/data/functions/py/100.py:212","X:/UIUC/CS 598/ml4se/data/functions/py/100.py:213","msg","Attribute",[object Object]
"X:/UIUC/CS 598/ml4se/data/functions/py/100.py:212","X:/UIUC/CS 598/ml4se/data/functions/py/100.py:213","msg","Attribute",[object Object]
"X:/UIUC/CS 598/ml4se/data/functions/py/100.py:212","X:/UIUC/CS 598/ml4se/data/functions/py/100.py:213","hr","Tuple",[object Object]
"X:/UIUC/CS 598/ml4se/data/functions/py/100.py:212","X:/UIUC/CS 598/ml4se/data/functions/py/100.py:213","hr","Tuple",[object Object]
"X:/UIUC/CS 598/ml4se/data/functions/py/100.py:212","X:/UIUC/CS 598/ml4se/data/functions/py/100.py:213","hr","Attribute",[object Object]
"X:/UIUC/CS 598/ml4se/data/functions/py/100.py:212","X:/UIUC/CS 598/ml4se/data/functions/py/100.py:213","hr","Attribute",[object Object]
"X:/UIUC/CS 598/ml4se/data/functions/py/100.py:212","X:/UIUC/CS 598/ml4se/data/functions/py/100.py:213","exc","Tuple",[object Object]
"X:/UIUC/CS 598/ml4se/data/functions/py/100.py:212","X:/UIUC/CS 598/ml4se/data/functions/py/100.py:213","exc","Tuple",[object Object]
"X:/UIUC/CS 598/ml4se/data/functions/py/100.py:212","X:/UIUC/CS 598/ml4se/data/functions/py/100.py:213","exc","Attribute",[object Object]
"X:/UIUC/CS 598/ml4se/data/functions/py/100.py:212","X:/UIUC/CS 598/ml4se/data/functions/py/100.py:213","exc","Attribute",[object Object]
"X:/UIUC/CS 598/ml4se/data/functions/py/100.py:212","X:/UIUC/CS 598/ml4se/data/functions/py/100.py:213","arg","Tuple",[object Object]
"X:/UIUC/CS 598/ml4se/data/functions/py/100.py:212","X:/UIUC/CS 598/ml4se/data/functions/py/100.py:213","arg","Tuple",[object Object]
"X:/UIUC/CS 598/ml4se/data/functions/py/100.py:212","X:/UIUC/CS 598/ml4se/data/functions/py/100.py:213","arg","Attribute",[object Object]
"X:/UIUC/CS 598/ml4se/data/functions/py/100.py:212","X:/UIUC/CS 598/ml4se/data/functions/py/100.py:213","arg","Attribute",[object Object]
"X:/UIUC/CS 598/ml4se/data/functions/py/100.py:226","X:/UIUC/CS 598/ml4se/data/functions/py/100.py:227","msg","Tuple",[object Object]
"X:/UIUC/CS 598/ml4se/data/functions/py/100.py:226","X:/UIUC/CS 598/ml4se/data/functions/py/100.py:227","msg","Tuple",[object Object]
"X:/UIUC/CS 598/ml4se/data/functions/py/100.py:226","X:/UIUC/CS 598/ml4se/data/functions/py/100.py:227","msg","Attribute",[object Object]
"X:/UIUC/CS 598/ml4se/data/functions/py/100.py:226","X:/UIUC/CS 598/ml4se/data/functions/py/100.py:227","msg","Attribute",[object Object]
"X:/UIUC/CS 598/ml4se/data/functions/py/100.py:226","X:/UIUC/CS 598/ml4se/data/functions/py/100.py:227","hr","Tuple",[object Object]
"X:/UIUC/CS 598/ml4se/data/functions/py/100.py:226","X:/UIUC/CS 598/ml4se/data/functions/py/100.py:227","hr","Tuple",[object Object]
"X:/UIUC/CS 598/ml4se/data/functions/py/100.py:226","X:/UIUC/CS 598/ml4se/data/functions/py/100.py:227","hr","Attribute",[object Object]
"X:/UIUC/CS 598/ml4se/data/functions/py/100.py:226","X:/UIUC/CS 598/ml4se/data/functions/py/100.py:227","hr","Attribute",[object Object]
"X:/UIUC/CS 598/ml4se/data/functions/py/100.py:226","X:/UIUC/CS 598/ml4se/data/functions/py/100.py:227","exc","Tuple",[object Object]
"X:/UIUC/CS 598/ml4se/data/functions/py/100.py:226","X:/UIUC/CS 598/ml4se/data/functions/py/100.py:227","exc","Tuple",[object Object]
"X:/UIUC/CS 598/ml4se/data/functions/py/100.py:226","X:/UIUC/CS 598/ml4se/data/functions/py/100.py:227","exc","Attribute",[object Object]
"X:/UIUC/CS 598/ml4se/data/functions/py/100.py:226","X:/UIUC/CS 598/ml4se/data/functions/py/100.py:227","exc","Attribute",[object Object]
"X:/UIUC/CS 598/ml4se/data/functions/py/100.py:226","X:/UIUC/CS 598/ml4se/data/functions/py/100.py:227","arg","Tuple",[object Object]
"X:/UIUC/CS 598/ml4se/data/functions/py/100.py:226","X:/UIUC/CS 598/ml4se/data/functions/py/100.py:227","arg","Tuple",[object Object]
"X:/UIUC/CS 598/ml4se/data/functions/py/100.py:226","X:/UIUC/CS 598/ml4se/data/functions/py/100.py:227","arg","Attribute",[object Object]
"X:/UIUC/CS 598/ml4se/data/functions/py/100.py:226","X:/UIUC/CS 598/ml4se/data/functions/py/100.py:227","arg","Attribute",[object Object]
"X:/UIUC/CS 598/ml4se/data/functions/py/28.py:16","X:/UIUC/CS 598/ml4se/data/functions/py/28.py:26","considered_actions","Tuple",[object Object]
"X:/UIUC/CS 598/ml4se/data/functions/py/28.py:16","X:/UIUC/CS 598/ml4se/data/functions/py/28.py:26","considered_actions","Tuple",[object Object]
"X:/UIUC/CS 598/ml4se/data/functions/py/28.py:16","X:/UIUC/CS 598/ml4se/data/functions/py/28.py:26","considered_actions","zip()",[object Object]
"X:/UIUC/CS 598/ml4se/data/functions/py/28.py:16","X:/UIUC/CS 598/ml4se/data/functions/py/28.py:26","considered_actions","zip()",[object Object]
"X:/UIUC/CS 598/ml4se/data/functions/py/28.py:16","X:/UIUC/CS 598/ml4se/data/functions/py/28.py:26","probabilities","Tuple",[object Object]
"X:/UIUC/CS 598/ml4se/data/functions/py/28.py:16","X:/UIUC/CS 598/ml4se/data/functions/py/28.py:26","probabilities","Tuple",[object Object]
"X:/UIUC/CS 598/ml4se/data/functions/py/28.py:16","X:/UIUC/CS 598/ml4se/data/functions/py/28.py:26","probabilities","zip()",[object Object]
"X:/UIUC/CS 598/ml4se/data/functions/py/28.py:16","X:/UIUC/CS 598/ml4se/data/functions/py/28.py:26","probabilities","zip()",[object Object]
"X:/UIUC/CS 598/ml4se/data/functions/py/30.py:19","X:/UIUC/CS 598/ml4se/data/functions/py/30.py:24","p1","Tuple",[object Object]
"X:/UIUC/CS 598/ml4se/data/functions/py/30.py:19","X:/UIUC/CS 598/ml4se/data/functions/py/30.py:24","p1","Tuple",[object Object]
"X:/UIUC/CS 598/ml4se/data/functions/py/30.py:19","X:/UIUC/CS 598/ml4se/data/functions/py/30.py:24","p1","Attribute()",[object Object]
"X:/UIUC/CS 598/ml4se/data/functions/py/30.py:19","X:/UIUC/CS 598/ml4se/data/functions/py/30.py:24","p1","Attribute()",[object Object]
"X:/UIUC/CS 598/ml4se/data/functions/py/30.py:19","X:/UIUC/CS 598/ml4se/data/functions/py/30.py:24","p2","Tuple",[object Object]
"X:/UIUC/CS 598/ml4se/data/functions/py/30.py:19","X:/UIUC/CS 598/ml4se/data/functions/py/30.py:24","p2","Tuple",[object Object]
"X:/UIUC/CS 598/ml4se/data/functions/py/30.py:19","X:/UIUC/CS 598/ml4se/data/functions/py/30.py:24","p2","Attribute()",[object Object]
"X:/UIUC/CS 598/ml4se/data/functions/py/30.py:19","X:/UIUC/CS 598/ml4se/data/functions/py/30.py:24","p2","Attribute()",[object Object]
"X:/UIUC/CS 598/ml4se/data/functions/py/40.py:5","X:/UIUC/CS 598/ml4se/data/functions/py/40.py:6","num_q","Tuple",[object Object]
"X:/UIUC/CS 598/ml4se/data/functions/py/40.py:5","X:/UIUC/CS 598/ml4se/data/functions/py/40.py:6","num_q","Tuple",[object Object]
"X:/UIUC/CS 598/ml4se/data/functions/py/40.py:5","X:/UIUC/CS 598/ml4se/data/functions/py/40.py:6","num_q","Attribute()",[object Object]
"X:/UIUC/CS 598/ml4se/data/functions/py/40.py:5","X:/UIUC/CS 598/ml4se/data/functions/py/40.py:6","num_q","Attribute()",[object Object]
"X:/UIUC/CS 598/ml4se/data/functions/py/40.py:5","X:/UIUC/CS 598/ml4se/data/functions/py/40.py:6","ok_list","Tuple",[object Object]
"X:/UIUC/CS 598/ml4se/data/functions/py/40.py:5","X:/UIUC/CS 598/ml4se/data/functions/py/40.py:6","ok_list","Tuple",[object Object]
"X:/UIUC/CS 598/ml4se/data/functions/py/40.py:5","X:/UIUC/CS 598/ml4se/data/functions/py/40.py:6","ok_list","Attribute()",[object Object]
"X:/UIUC/CS 598/ml4se/data/functions/py/40.py:5","X:/UIUC/CS 598/ml4se/data/functions/py/40.py:6","ok_list","Attribute()",[object Object]
"X:/UIUC/CS 598/ml4se/data/functions/py/40.py:5","X:/UIUC/CS 598/ml4se/data/functions/py/40.py:6","err_list","Tuple",[object Object]
"X:/UIUC/CS 598/ml4se/data/functions/py/40.py:5","X:/UIUC/CS 598/ml4se/data/functions/py/40.py:6","err_list","Tuple",[object Object]
"X:/UIUC/CS 598/ml4se/data/functions/py/40.py:5","X:/UIUC/CS 598/ml4se/data/functions/py/40.py:6","err_list","Attribute()",[object Object]
"X:/UIUC/CS 598/ml4se/data/functions/py/40.py:5","X:/UIUC/CS 598/ml4se/data/functions/py/40.py:6","err_list","Attribute()",[object Object]
"X:/UIUC/CS 598/ml4se/data/functions/py/45.py:387","X:/UIUC/CS 598/ml4se/data/functions/py/45.py:389","second","Tuple",[object Object]
"X:/UIUC/CS 598/ml4se/data/functions/py/45.py:387","X:/UIUC/CS 598/ml4se/data/functions/py/45.py:389","second","Tuple",[object Object]
"X:/UIUC/CS 598/ml4se/data/functions/py/45.py:387","X:/UIUC/CS 598/ml4se/data/functions/py/45.py:389","first","Tuple",[object Object]
"X:/UIUC/CS 598/ml4se/data/functions/py/45.py:387","X:/UIUC/CS 598/ml4se/data/functions/py/45.py:389","first","Tuple",[object Object]
"X:/UIUC/CS 598/ml4se/data/functions/py/45.py:403","X:/UIUC/CS 598/ml4se/data/functions/py/45.py:405","first_row","Tuple",[object Object]
"X:/UIUC/CS 598/ml4se/data/functions/py/45.py:403","X:/UIUC/CS 598/ml4se/data/functions/py/45.py:405","first_row","Tuple",[object Object]
"X:/UIUC/CS 598/ml4se/data/functions/py/45.py:403","X:/UIUC/CS 598/ml4se/data/functions/py/45.py:405","second_row","Tuple",[object Object]
"X:/UIUC/CS 598/ml4se/data/functions/py/45.py:403","X:/UIUC/CS 598/ml4se/data/functions/py/45.py:405","second_row","Tuple",[object Object]
"X:/UIUC/CS 598/ml4se/data/functions/py/45.py:421","X:/UIUC/CS 598/ml4se/data/functions/py/45.py:423","second","Tuple",[object Object]
"X:/UIUC/CS 598/ml4se/data/functions/py/45.py:421","X:/UIUC/CS 598/ml4se/data/functions/py/45.py:423","second","Tuple",[object Object]
"X:/UIUC/CS 598/ml4se/data/functions/py/45.py:421","X:/UIUC/CS 598/ml4se/data/functions/py/45.py:423","first","Tuple",[object Object]
"X:/UIUC/CS 598/ml4se/data/functions/py/45.py:421","X:/UIUC/CS 598/ml4se/data/functions/py/45.py:423","first","Tuple",[object Object]
"X:/UIUC/CS 598/ml4se/data/functions/py/99.py:8","X:/UIUC/CS 598/ml4se/data/functions/py/99.py:14","_","Tuple",[object Object]
"X:/UIUC/CS 598/ml4se/data/functions/py/99.py:8","X:/UIUC/CS 598/ml4se/data/functions/py/99.py:14","_","Tuple",[object Object]
"X:/UIUC/CS 598/ml4se/data/functions/py/99.py:8","X:/UIUC/CS 598/ml4se/data/functions/py/99.py:14","_","Attribute()",[object Object]
"X:/UIUC/CS 598/ml4se/data/functions/py/99.py:8","X:/UIUC/CS 598/ml4se/data/functions/py/99.py:14","_","Attribute()",[object Object]
"X:/UIUC/CS 598/ml4se/data/functions/py/99.py:8","X:/UIUC/CS 598/ml4se/data/functions/py/99.py:14","dones","Tuple",[object Object]
"X:/UIUC/CS 598/ml4se/data/functions/py/99.py:8","X:/UIUC/CS 598/ml4se/data/functions/py/99.py:14","dones","Tuple",[object Object]
"X:/UIUC/CS 598/ml4se/data/functions/py/99.py:8","X:/UIUC/CS 598/ml4se/data/functions/py/99.py:14","dones","Attribute()",[object Object]
"X:/UIUC/CS 598/ml4se/data/functions/py/99.py:8","X:/UIUC/CS 598/ml4se/data/functions/py/99.py:14","dones","Attribute()",[object Object]
